{
    "_flag_MPU9250_A_X_Cali": -51.5,
    "_flag_MPU9250_A_X_Scal": 0.9892525057360222,
    "_flag_MPU9250_A_Y_Cali": 122.0,
    "_flag_MPU9250_A_Y_Scal": 0.9597000937207123,
    "_flag_MPU9250_A_Z_Cali": 177.0,
    "_flag_MPU9250_A_Z_Scal": 0.9803733843944471
}
